"$4,229.99 "
"$4,229.99 "
"$4,229.99 "
"$4,219.99 "
"$4,129.99 "
"$4,119.99 "
"$4,049.99 "
"$4,049.99 "
"$4,029.99 "
"$3,999.99 "
"$3,929.99 "
"$3,849.99 "
"$3,849.99 "
"$3,849.99 "
"$3,829.99 "
"$3,749.99 "
"$3,749.99 "
"$3,749.99 "
"$3,719.99 "
"$3,719.99 "
"$3,719.99 "
"$3,719.99 "
"$3,719.99 "
"$3,719.99 "
"$3,719.99 "
"$3,719.99 "
"$3,549.99 "
"$3,529.99 "
"$3,499.99 "
"$3,499.99 "
"$3,299.99 "
"$3,299.99 "
"$3,299.99 "
"$3,299.99 "
"$3,249.99 "
"$3,049.99 "
"$3,049.99 "
"$3,049.99 "
"$3,019.99 "
"$2,999.99 "
"$2,949.99 "
"$2,949.99 "
"$2,929.99 "
"$2,849.99 "
"$2,849.99 "
"$2,849.99 "
"$2,729.99 "
"$2,719.99 "
"$2,699.99 "
"$2,599.99 "
"$2,519.99 "
"$2,499.99 "
"$2,449.99 "
"$2,449.99 "
"$2,329.99 "
"$2,319.99 "
"$2,319.99 "
"$2,319.99 "
"$2,319.99 "
"$2,319.99 "
"$2,299.99 "
"$2,299.99 "
"$2,119.99 "
"$1,999.99 "
"$1,999.99 "
"$1,929.99 "
"$1,919.99 "
"$1,829.99 "
"$1,829.99 "
"$2,729.99 "
"$2,719.99 "
"$2,699.99 "
"$2,599.99 "
"$2,519.99 "
"$2,499.99 "
"$2,449.99 "
"$2,449.99 "
"$2,329.99 "
"$2,319.99 "
"$2,319.99 "
"$2,319.99 "
"$2,319.99 "
"$2,319.99 "
"$2,299.99 "
"$2,299.99 "
"$2,119.99 "
"$1,999.99 "
"$1,999.99 "
"$1,929.99 "
"$1,919.99 "
"$1,829.99 "
"$1,829.99 "
"$1,829.99 "
"$1,819.99 "
"$1,799.99 "
"$1,799.99 "
"$1,799.99 "
"$1,749.99 "
"$1,749.99 "
"$1,729.99 "
"$1,729.99 "
"$1,719.99 "
"$1,699.99 "
"$1,679.99 "
"$1,599.99 "
"$1,549.99 "
"$1,549.99 "
"$1,449.99 "
"$1,329.99 "
"$1,219.99 "
"$1,219.99 "
"$1,199.99 "
"$1,179.99 "
"$1,149.99 "
"$1,149.99 "
"$1,119.99 "
"$1,119.99 "
"$1,119.99 "
"$1,099.99 "
"$1,079.99 "
"$1,079.99 "
"$1,029.99 "
$999.99 
$999.99 
$999.99 
$999.99 
$979.99 
$919.99 
$849.99 
$799.99 
$799.99 
$789.99 
$779.99 
$779.99 
$779.99 
$779.99 
$729.99 
$729.99 
$729.99 
$729.99 
$719.99 
$719.99 
$689.99 
$679.99 
$679.99 
$679.99 
$679.99 
$679.99 
$629.99 
$629.99 
$629.99 
$629.99 
$629.99 
$619.99 
$619.99 
$619.99 
$599.99 
$599.99 
$569.99 
$569.99 
$559.99 
$549.99 
$549.99 
$519.99 
$519.99 
$499.99 
$499.99 
$499.99 
$489.99 
$469.99 
$469.99 
$439.99 
$439.99 
$439.99 
$439.99 
$439.99 
$429.99 
$429.99 
$419.99 
$409.99 
$409.99 
$399.99 
$399.99 
$399.99 
$399.99 
$399.99 
$399.99 
$389.99 
$389.99 
$359.99 
$359.99 
$329.99 
$329.99 
$299.99 
$299.99 
$279.99 
$279.99 
$179.99 
"$8,799.99 - $8,849.99 "
"$2,449.99 - $2,579.99 "
"$2,029.99 - $2,099.99 "
"$1,379.99 - $1,449.99 "
$849.99 - $929.99 
$849.99 - $929.99 
"$13,549.99 "
"$12,549.99 "
"$12,499.99 "
"$11,049.99 "
"$11,049.99 "
"$10,049.99 "
"$9,549.99 "
"$9,549.99 - $10,049.99 "
"$9,549.99 - $10,049.99 "
"$9,299.99 "
"$9,299.99 "
"$9,049.99 "
"$9,049.99 "
"$9,049.99 "
"$9,049.99 "
"$8,549.99 "
"$8,049.99 "
"$7,549.99 "
"$7,549.99 "
"$7,499.99 - $7,999.99 "
"$7,049.99 "
"$7,049.99 "
"$6,899.99 "
"$6,549.99 - $7,049.99 "
"$6,549.99 - $7,049.99 "
"$6,299.99 "
"$5,999.99 "
"$3,599.99 "
"$3,299.99 "
"$2,639.99 "
"$2,419.99 "
"$2,199.99 "
"$2,199.99 "
"$1,819.99 "
"$1,599.99 "
"$1,269.99 "
"$1,179.99 "
"$1,179.99 "
"$1,099.99 "
$729.99 
$599.99 
$339.99 
$339.99 
$299.99 
$299.99 
"$3,599.99 "
"$3,299.99 "
"$2,639.99 "
"$2,419.99 "
"$2,199.99 "
"$2,199.99 "
"$1,819.99 "
"$1,599.99 "
"$1,269.99 "
"$1,179.99 "
"$1,179.99 "
"$1,099.99 "
$729.99 
$599.99 
$339.99 
$339.99 
$299.99 
$299.99 
